{
    "method": "ISDA",
    "dataset": "NASA",
    "subDataset": "pc4",
    "result": [
        {
            "train samples": "128",
            "defective train samples": "17",
            "precision": 0.18867924528301888,
            "recall": 0.125,
            "pf": 0.08608608608608609,
            "F-measure": 0.15037593984962405,
            "accuracy": 0.8050043140638481,
            "AUC": 0.5194569569569569
        },
        {
            "train samples": "257",
            "defective train samples": "35",
            "precision": 0.17037037037037037,
            "recall": 0.1619718309859155,
            "pf": 0.12612612612612611,
            "F-measure": 0.16606498194945846,
            "accuracy": 0.7757281553398059,
            "AUC": 0.5179228524298947
        },
        {
            "train samples": "386",
            "defective train samples": "53",
            "precision": 0.1864406779661017,
            "recall": 0.1774193548387097,
            "pf": 0.12355212355212356,
            "F-measure": 0.18181818181818182,
            "accuracy": 0.7802441731409545,
            "AUC": 0.5269336156432931
        }
    ]
}